Parcella;superficie;VAE;Habitat;AR2;ARM;CRR;CV;ELEVMAX;ELEVMEAN;ELEVMIN;P10;P25;P50;P75;P80;P99;R1C;R2C;R3C;R4C;KURTO;SKEWN;LFCC;RMH;P99P75;P75P50;P50P25;STD;FCC;IQ;FR2;FRM;TR;TRANMINHT
AD1013;452,3893421;244,1;PNX;100;47,2906;0,38448;0,3227;25,0398;14,399;7,7522;8,5044;9,7717;14,1162;18,2419;19,192;24,0989;456;142;11;0;1,8893;0,2605;74,87685;0,56375;5,857;4,1257;4,3445;4,6467;100;8,4702;100;56,5789;609;609
AD1014;452,3893421;215,8;PNX;100;44,6894;0,4349;0,3487;22,3687;12,6247;5,1257;6,7348;9,5194;11,5017;16,1564;17,1454;21,1619;382;108;9;0;2,0221;0,2635;76,55311;0,51419;5,0055;4,6547;1,9823;4,4022;100;6,637;100;54,1885;499;499
AD1019;452,3893421;242,8;PNX;100;53,2872;0,41722;0,3278;21,1379;12,458;6,2439;7,218;8,2472;12,8756;15,8313;16,4008;20,2915;434;131;13;0;1,6414;0,0535;75,08651;0,60912;4,4602;2,9557;4,6284;4,0841;100;7,5841;100;68,894;578;578
AD1020;1256,637061;78,9;PNM;100;37,3796;0,28821;0,3398;17,1765;8,9861;5,6697;6,324;6,4983;7,5115;11,7148;12,3757;16,6772;437;74;8;0;2,374;0,8789;84,20039;0,43731;4,9624;4,2033;1,0132;3,0537;100;5,2166;100;40,2746;519;519
AD1021;1017,87602;145,4;PNX;100;49,3392;0,40099;0,3984;19,6798;10,6481;4,6022;5,498;6,7264;10,5084;14,2273;14,9602;18,98;354;91;9;0;1,7412;0,241;77,97357;0,53397;4,7527;3,7189;3,782;4,2422;100;7,5009;100;61,2994;454;454
AD1022;452,3893421;203,2;PNM;100;44,0647;0,31671;0,3253;22,7948;12,0918;7,1309;7,8195;8,5251;10,8106;15,3181;15,7974;21,7941;441;113;2;0;2,2018;0,5755;79,31655;0,47426;6,476;4,5075;2,2855;3,9336;100;6,793;100;52,6077;556;556
AD1023;452,3893421;151,0;BMF;100;36,8336;0,3277;0,2564;18,1987;10,9608;7,4329;8,178;8,7388;9,8767;13,0531;13,8576;17,759;502;116;1;0;2,4851;0,8631;81,09855;0,54271;4,7059;3,1764;1,1379;2,8107;100;4,3143;100;44,4223;619;619
AD1031;452,3893421;149,3;PNX;100;51,5152;0,38298;0,2496;26,5219;16,4882;10,2604;11,457;12,3009;16,8085;19,9496;20,7857;24,4984;387;130;11;0;1,6624;0,1443;73,29545;0,63376;4,5488;3,1411;4,5076;4,1148;100;7,6487;100;66,6667;528;528
AD1032;452,3893421;469,3;PNX;100;55,3501;0,41728;0,5071;19,6929;9,8948;2,8784;3,1677;3,3745;10,6313;14,2;14,9856;18,4096;553;181;23;0;1,6075;-0,1603;73,05152;0,53985;4,2096;3,5687;7,2568;5,0176;100;10,8254;100;73,2369;757;757
AD1033;530,9291585;185,1;PNX;100;42,8295;0,27642;0,5538;19,6987;8,0154;3,5522;3,9188;4,2307;5,4525;11,6151;12,4795;18,9574;393;111;12;0;2,25;0,7384;76,16279;0,27679;7,3423;6,1626;1,2218;4,4386;100;7,3845;100;50,8906;516;516
AD1034;530,9291585;398,2;AVE;100;58,5227;0,4554;0,3998;22,1803;12,4423;4,2993;5,199;6,4033;13,9091;16,417;17,0795;21,3856;408;109;11;0;1,7607;-0,2879;77,27273;0,62709;4,9686;2,5079;7,5058;4,9747;100;10,0138;100;71,0784;528;528
AD1043;452,3893421;229,4;PNX;100;54,6233;0,57184;0,3008;24,2279;15,0135;2,7072;7,7993;12,4787;15,5578;18,4362;19,1093;22,6958;442;139;3;0;2,6622;-0,5047;75,68493;0,64214;4,2596;2,8784;3,0791;4,5161;100;5,9575;100;63,5747;584;584
AD1044;804,2477193;198,5;PNX;100;45,7031;0,33817;0,3946;25,064;13,5944;7,734;8,238;8,4615;11,9498;18,8256;19,6209;24,2893;392;110;10;0;1,6491;0,4293;76,5625;0,47677;5,4637;6,8758;3,4883;5,3641;100;10,3641;100;52,8061;512;512
AD1052;452,3893421;142,3;PNX;100;48,9496;0,35339;0,3047;20,7805;11,8445;6,9607;7,7111;8,3685;11,5829;14,8285;15,6381;19,486;386;82;8;0;1,8159;0,3605;81,09244;0,55739;4,6575;3,2456;3,2144;3,6095;100;6,46;100;57,772;476;476
AD1053;452,3893421;168,2;PNM;100;42,2088;0,34416;0,4782;22,7202;11,9616;6,3158;6,7405;7,0063;7,7813;18,2507;18,7712;22,0851;509;144;8;0;1,3943;0,4521;77,00454;0,34248;3,8344;10,4694;0,775;5,7203;100;11,2444;100;51,8664;661;661
AD1054;452,3893421;318,4;PNM;100;57,6565;0,48209;0,3492;25,4451;15,2594;5,7783;7,6409;9,4194;16,2769;19,4567;20,1067;24,4597;549;189;13;0;1,745;-0,201;73,10253;0,63969;5,003;3,1798;6,8575;5,3281;100;10,0372;100;72,1311;751;751
AD1055;530,9291585;275,8;PNM;100;52,8053;0,35639;0,5789;17,9744;7,9814;2,4478;2,7137;3,0849;8,4281;12,1841;12,8586;16,2278;423;169;14;0;1,5044;0,1469;69,80198;0,46889;4,0437;3,756;5,3432;4,6204;100;9,0992;100;72,104;606;606
AD1056;452,3893421;261,8;PNM;100;48,9458;0,36198;0,31;21,6519;11,7744;6,1704;7,7071;8,274;11,6478;14,6658;15,1986;20,0223;499;154;11;0;2,0539;0,4274;75,1506;0,53796;5,3565;3,018;3,3738;3,6495;100;6,3918;100;63,3267;664;664
AD1057;452,3893421;293,1;PNM;100;46,6119;0,37865;0,4636;24,3547;11,5283;3,7118;4,6325;6,2583;11,0995;15,8223;16,9848;22,2163;353;122;12;0;1,9473;0,2656;72,4846;0,45574;6,394;4,7228;4,8412;5,3448;100;9,564;100;56,6572;487;487
AD1058;706,8583471;209,8;AVE;100;45,7971;0,35319;0,6088;24,4551;11,2776;4,082;4,6628;5,1959;6,0123;18,359;19,1644;23,1144;273;68;4;0;1,4398;0,3951;79,13043;0,24585;4,7554;12,3467;0,8164;6,8658;100;13,1631;100;55,3114;345;345
AD1066;452,3893421;212,4;PNX;100;50,1901;0,32669;0,3775;22,2738;11,203;5,8314;6,1347;6,6258;11,2286;14,3482;15,1233;20,5398;681;307;60;4;2,125;0,3811;64,73384;0,50412;6,1916;3,1196;4,6028;4,2296;100;7,7224;100;66,6667;1052;1052
AD1067;452,3893421;349,5;PNX;100;59,5547;0,46795;0,398;19,0955;10,2839;2,5339;4,4511;5,5618;11,2423;13,3497;13,7702;18,0759;415;115;9;0;1,9593;-0,2855;76,99443;0,58874;4,7262;2,1074;5,6805;4,0935;100;7,788;100;75,4217;539;539
AD1068;1256,637061;187,7;PNM;100;45,216;0,33118;0,4439;19,9526;9,139;3,7844;5,1545;5,4306;8,3276;12,4747;13,4772;17,2122;494;143;11;0;1,8586;0,5191;76,23457;0,41737;4,7375;4,1471;2,897;4,0567;100;7,0441;100;54,4534;648;648
AD1077;452,3893421;318,4;PNM;100;54,5322;0,43619;0,5629;16,4817;8,6624;2,613;2,8189;3,0711;10,1563;13,304;13,6316;15,915;486;178;20;0;1,3088;-0,0831;71,05263;0,61622;2,611;3,1477;7,0852;4,8764;100;10,2329;100;73,6626;684;684
AD1078;452,3893421;236,6;PNM;100;49,8652;0,46935;0,2879;26,2573;16,4964;7,8629;10,4006;12,4789;16,4821;20,4376;21,2218;25,5871;484;216;39;3;1,8174;0,0773;65,22911;0,62771;5,1495;3,9555;4,0032;4,75;100;7,9586;100;66,7355;742;742
AD1079;452,3893421;118,6;PNM;100;44,8352;0,38902;0,4776;15,108;7,1541;2,0897;3,1728;4,1849;6,6056;9,7264;10,5396;14,6281;368;86;1;0;2,2072;0,5144;80,87912;0,43723;4,9017;3,1208;2,4207;3,4166;100;5,5415;100;52,4457;455;455
AD2080;706,8583471;232,1;PNM;100;48,0769;0,35989;0,5122;21,3506;10,3208;4,1196;4,8248;5,1277;9,453;15,193;15,9602;20,665;487;166;23;0;1,6181;0,3514;72,04142;0,44275;5,472;5,74;4,3253;5,2864;100;10,0652;100;59,7536;676;676
AD2082;452,3893421;377,7;PNX;100;60,4552;0,49799;0,3133;26,3994;17,3893;8,4514;8,9844;10,6509;19,1814;21,886;22,3277;25,4837;474;181;47;1;1,7708;-0,5141;67,42532;0,72658;3,5977;2,7046;8,5305;5,4476;100;11,2351;100;84,1772;703;703
AD2089;452,3893421;180,4;PNX;100;45,9057;0,33837;0,4847;27,3436;11,2721;3,053;5,1329;6,4655;10,5093;15,2912;16,5737;24,2912;521;228;53;4;2,3463;0,5549;64,6402;0,38434;9;4,7819;4,0438;5,4634;100;8,8257;100;57,0058;806;806
AD2090;452,3893421;131,3;PRX;100;39,4366;0,37952;0,3293;17,0728;9,1294;4,2708;5,9377;6,9229;8,1451;11,3594;12,2007;16,1157;384;42;0;0;2,4381;0,69;90,14085;0,47708;4,7563;3,2143;1,2222;3,0066;100;4,4365;100;43,2292;426;426
AD2091;452,3893421;293,8;PRX;100;60,8209;0,46135;0,2799;28,4218;17,9552;8,9905;10,6231;12,4317;19,6713;21,8808;22,3616;26,0074;401;129;6;0;1,751;-0,3687;74,81343;0,69212;4,1266;2,2095;7,2396;5,0256;100;9,4491;100;78,0549;536;536
AD2093;452,3893421;238,1;PNM;100;47,9315;0,33423;0,5309;16,8137;7,1399;2,2834;2,9109;3,448;6,7219;10,2327;10,7063;15,26;512;176;13;0;1,8782;0,3938;73,03852;0,39979;5,0273;3,5108;3,2739;3,7903;100;6,7847;100;62,5;701;701
AD2098;452,3893421;250,6;PNX;100;51,2761;0,48531;0,2994;22,3408;14,0281;6,1898;8,667;9,5133;14,5258;17,2241;17,6885;21,4069;340;87;4;0;1,7626;-0,0378;78,88631;0,65019;4,1828;2,6983;5,0125;4,2007;100;7,7108;100;63,8235;431;431
AD2099;452,3893421;376,8;PRM;100;57,7259;0,50302;0,4406;27,5735;16,699;5,6924;7,2704;8,6344;20,1514;23,3294;23,7659;26,9558;461;201;24;0;1,2778;-0,2194;67,20117;0,73082;3,6264;3,178;11,517;7,3584;100;14,695;100;77,2234;686;686
AD2100;452,3893421;287,2;PNM;100;58,1361;0,47446;0,4968;23,1504;12,3701;2,6376;4,0938;5,5049;14,6089;17,8254;18,1733;21,5054;454;185;33;3;1,4441;-0,2576;67,15976;0,63104;3,68;3,2165;9,104;6,1458;99,78022;12,3206;100;79,2952;676;676
AD2101;452,3893421;296,2;PNX;100;56,9204;0,42232;0,5386;18,282;9,4919;3,0657;3,2771;3,5334;10,718;14,058;14,6154;17,9156;421;150;7;0;1,403;-0,0809;72,83737;0,58626;3,8576;3,34;7,1846;5,1123;100;10,5246;100;76,7221;578;578
AD2102;452,3893421;307,6;PNM;100;53,3237;0,3978;0,3709;23,0581;13,0234;6,3947;7,207;7,7523;13,7822;17,1749;17,9133;22,014;469;203;20;0;1,5552;0,0797;67,77457;0,59772;4,8391;3,3927;6,0299;4,8307;100;9,4226;100;73,774;692;692
AD2103;452,3893421;331,9;PNX;100;51,1628;0,41197;0,4642;21,2192;11,181;4,1484;4,9971;5,6824;11,4084;15,7742;16,509;20,2292;373;125;15;3;1,517;0,1224;72,28682;0,53765;4,455;4,3658;5,726;5,1903;100;10,0919;100;64,0751;516;516
AD2110;615,7521601;199,1;PRM;100;55,1282;0,43821;0,3738;31,4071;17,7985;7,1833;8,587;10,6742;19,4501;23,5126;24,3955;28,85;519;217;43;1;1,5998;-0,147;66,53846;0,61929;5,3374;4,0625;8,7759;6,6536;100;12,8384;100;70,9056;780;780
AD2111;452,3893421;435,7;PRM;100;65,44;0,5489;0,419;28,3204;17,404;4,121;6,5414;8,6361;21,097;22,8761;23,4081;27,7613;438;173;13;1;1,6716;-0,5922;70,08;0,74494;4,8852;1,7791;12,4609;7,2918;100;14,24;100;89,0411;625;625
AD2112;706,8583471;292,1;PRM;100;63,3466;0,5707;0,3058;26,7379;18,4769;7,495;9,1925;15,1098;20,1649;22,7391;23,4946;26,1188;380;113;8;1;2,0926;-0,6921;75,69721;0,75417;3,3797;2,5742;5,0551;5,6511;100;7,6293;100;78,9474;502;502
AD2113;452,3893421;250,8;PNM;100;54,6603;0,40237;0,3192;25,917;15,3397;8,2183;9,2608;9,8717;16,4126;19,6134;20,0659;23,4433;441;180;12;0;1,4571;-0,0744;69,66825;0,63328;3,8299;3,2008;6,5409;4,897;100;9,7417;100;77,0975;633;633
AD2114;452,3893421;268,2;PNM;100;42,6277;0,35989;0,5746;23,0632;10,4341;3,3336;4,2673;4,8136;8,2974;16,6533;17,3508;21,3059;515;163;7;0;1,5306;0,4006;75,18248;0,35977;4,6526;8,3559;3,4838;5,9951;100;11,8397;100;53,7864;685;685
AD2115;452,3893421;317,2;PNX;100;48,1905;0,33284;0,5845;21,5403;8,5155;2,0176;3,1116;3,7612;8,1711;12,9473;13,7235;18,5185;385;130;10;0;1,7227;0,352;73,33333;0,37934;5,5712;4,7762;4,4099;4,9769;100;9,186;100;61,8182;525;525
AD2116;1385,44236;140,1;PNM;100;35,534;0,28183;0,5711;18,1069;7,4815;3,3118;3,9083;4,2347;5,0552;10,8552;12,2371;17,3329;414;86;14;1;2,3698;0,9466;80,38835;0,27919;6,4777;5,8;0,8205;4,2725;100;6,6205;100;36,715;515;515
AD2122;530,9291585;335,1;PNM;100;54,2453;0,38872;0,4968;23,2532;11,6761;4,314;4,8435;5,264;12,6865;17,0317;17,5974;21,365;446;166;24;0;1,3729;-0,0103;70,12579;0,54558;4,3333;4,3452;7,4225;5,8007;100;11,7678;100;72,4215;636;636
AD2123;530,9291585;169,2;PNM;100;42,3237;0,29734;0,4133;24,6108;11,6838;6,2136;7,0058;7,4466;9,287;15,9193;17,0447;21,6328;356;116;10;0;1,8927;0,6025;73,85892;0,37735;5,7135;6,6323;1,8404;4,8288;100;8,4727;100;53,3708;482;482
AD2124;907,9202769;161,1;PNM;100;45,3216;0,29161;0,3549;17,0105;8,6868;5,2603;5,6873;5,9136;7,4542;11,3372;11,8342;15,3802;839;181;6;0;1,9298;0,5635;81,77388;0,43821;4,043;3,883;1,5406;3,0829;100;5,4236;100;54,4696;1026;1026
AD2125;452,3893421;175,2;PNM;99,8004;40,7186;0,34509;0,4358;17,1855;7,2586;2,0278;3,837;5,0194;6,7175;8,519;9,6523;15,8121;427;70;3;0;3,3372;0,9179;85,22954;0,39088;7,2931;1,8015;1,6981;3,1635;99,76636;3,4996;99,7664;41,3551;501;500
AD3001;452,3893421;131,5;BMF;100;42,6136;0,34978;0,295;16,8044;9,2105;5,1255;6,0725;6,8748;8,7089;10,9817;11,594;15,6508;431;96;1;0;2,444;0,6166;81,62879;0,51825;4,6691;2,2728;1,8341;2,7173;100;4,1069;100;49,1879;528;528
AD3002;1017,87602;114,7;PNX;100;30,9611;0,20374;0,55;14,7788;4,9286;2,4082;2,7276;3,1122;3,6133;6,0751;7,3699;12,5589;1242;119;2;0;3,8063;1,3837;91,12252;0,24449;6,4838;2,4618;0,5011;2,7107;100;2,9629;100;31,723;1363;1363
AD3003;452,3893421;194,2;PNM;100;43,4243;0,29041;0,3278;14,4823;7,3472;4,4271;4,9826;5,2538;6,4194;9,1648;9,5803;13,6645;344;57;2;0;2,6997;0,8259;85,3598;0,44326;4,4997;2,7454;1,1656;2,4081;100;3,911;100;50;403;403
AD3004;706,8583471;67,2;PNM;100;42,9961;0,34999;0,2535;19,0135;11,4105;7,3167;8,1301;8,8349;10,5497;13,8026;14,2865;18,1175;425;88;1;0;2,1085;0,5092;82,68482;0,55485;4,3149;3,2529;1,7148;2,893;100;4,9677;100;50,5882;514;514
AD3005;615,7521601;84,2;COR;100;36,1858;0,45553;0,3103;22,7606;12,8495;4,5574;8,9342;10,2919;11,8102;15,3317;16,8881;21,7886;337;70;2;0;2,6729;0,5273;82,39609;0,51889;6,4569;3,5215;1,5183;3,9875;100;5,0398;100;40,0593;409;409
AD3006;530,9291585;164,4;BMF;97,4828;36,3844;0,23435;0,4709;13,7489;4,7859;2,0425;2,8308;3,2544;4,0424;5,4319;5,8466;12,9541;371;55;0;0;5,772;1,6907;84,89703;0,29402;7,5222;1,3895;0,788;2,2537;97,12042;2,1775;98,1481;40,4762;437;426
AD3007;615,7521601;316,8;BMF;100;48,5246;0,30592;0,6242;19,1105;7,336;2,1462;2,4607;2,757;6,9069;11,1852;11,9679;16,3237;448;143;19;0;1,7303;0,3765;73,44262;0,36142;5,1385;4,2783;4,1499;4,5793;100;8,4281;100;61,1607;610;610
AD3008;452,3893421;120,6;PNM;100;28,5714;0,24947;0,3399;20,6516;10,2267;6,7615;7,3916;7,9631;8,7036;12,0229;13,5147;19,9115;355;60;5;0;3,4681;1,3258;84,52381;0,42145;7,8886;3,3193;0,7405;3,4756;100;4,0598;100;31,2676;420;420
AD3009;314,1592654;474,2;PNM;100;55,754;0,48293;0,3293;21,9;14,0078;6,6368;7,6747;8,4498;15,1407;17,9252;18,4802;21,4183;376;122;6;0;1,5721;-0,2497;74,60317;0,69136;3,4931;2,7845;6,6909;4,6124;100;9,4754;100;72,6064;504;504
AD3010;380,1327111;267,0;PNM;100;58,0305;0,44838;0,2642;22,3345;14,8073;8,6888;9,6943;10,0459;16,0918;18,0464;18,5012;20,7554;573;248;31;1;1,496;-0,2275;67,17468;0,72049;2,709;1,9546;6,0459;3,9125;100;8,0005;100;82,3735;853;853
AD3011;530,9291585;182,7;RFG;100;60,9449;0,61943;0,2469;29,3693;20,9161;7,1571;12,8196;18,7209;22,0542;24,5489;24,9954;28,6085;488;135;12;0;3,3217;-0,9808;76,85039;0,75093;4,0596;2,4947;3,3333;5,164;100;5,8279;100;73,9754;635;635
AD3012;452,3893421;215,1;PNX;100;48,4076;0,38585;0,3154;23,0298;13,4584;7,4451;8,4928;9,4349;13,2623;17,2121;17,8372;22,1656;454;163;11;0;1,7389;0,3013;72,29299;0,57588;4,9535;3,9498;3,8274;4,2451;100;7,7772;100;61,8943;628;628
AD3015;452,3893421;229,5;PNM;100;47,3418;0,37841;0,4564;23,8938;12,2892;5,2245;5,7119;6,4073;11,9216;17,381;18,2989;23,0603;525;213;49;3;1,7138;0,2965;66,4557;0,49894;5,6793;5,4594;5,5143;5,6084;100;10,9736;100;56;790;790
AD3016;452,3893421;239,2;PRX;100;60,9023;0,49467;0,3207;22,3787;13,7333;5,2704;6,6328;9,8325;14,9203;17,0657;17,5567;20,7471;472;166;26;1;1,9943;-0,48;70,97744;0,66672;3,6814;2,1454;5,0878;4,4042;100;7,2332;100;78,3898;665;665
AD3017;452,3893421;325,8;PNX;100;55,1618;0,46243;0,4518;21,095;11,616;3,462;4,9043;6,1136;12,8634;16,2949;16,9039;20,3403;475;163;11;0;1,4827;-0,078;73,18952;0,60978;4,0454;3,4315;6,7498;5,248;100;10,1813;100;71,3684;649;649
AD3018;452,3893421;211,0;PNX;100;48,4034;0,31608;0,5221;15,8843;7,1572;3,1238;3,2925;3,4857;6,7188;10,3976;11,1468;14,7737;432;154;9;0;1,7144;0,3899;72,60504;0,42298;4,3761;3,6788;3,2331;3,7365;100;6,9119;100;63,4259;595;595
AD3027;804,2477193;134,7;PNX;100;45,0428;0,38802;0,3054;28,1172;16,5827;9,2693;11,091;11,9897;15,363;21,0337;21,7072;27,4249;571;222;23;1;1,928;0,4878;69,88984;0,54639;6,3912;5,6707;3,3733;5,0648;100;9,0439;100;54,4658;817;817
AD3028;452,3893421;393,4;PRX;100;64,9635;0,55214;0,3007;24,1901;15,8554;5,58;7,3512;13,5984;17,4276;19,3524;19,7374;22,4174;335;71;5;0;2,5071;-0,8543;81,50852;0,72044;3,065;1,9248;3,8292;4,7678;100;5,754;100;77,3134;411;411
AD3029;380,1327111;288,2;PNX;100;51,5046;0,34758;0,3817;22,8792;11,8688;6,0029;6,5225;6,9568;12,0849;15,8316;16,344;20,6286;592;223;46;3;1,7;0,2127;68,51852;0,5282;4,797;3,7467;5,1281;4,5307;100;8,8748;100;64,8649;864;864
AD3030;452,3893421;257,5;PNM;100;45,8057;0,37733;0,3412;24,8118;14,2504;7,8503;8,9471;9,7017;13,3359;19,0165;19,5642;23,0056;610;256;40;0;1,5439;0,3207;67,32892;0,53748;3,9891;5,6806;3,6342;4,8621;100;9,3148;100;61,4754;906;906
AD3038;380,1327111;313,2;PNX;100;51,0358;0,37112;0,2904;22,7904;13,1638;7,4828;8,6406;9,3292;13,2637;16,39;16,9771;21,1462;401;129;1;0;1,7586;0,2104;75,51789;0,58199;4,7562;3,1263;3,9345;3,8232;100;7,0609;100;66,3342;531;531
AD3039;804,2477193;218,9;PRX;100;51,5581;0,3816;0,3667;25,1715;13,7681;6,7313;7,5327;8,6635;14,1832;17,9977;18,7145;23,6119;511;174;21;0;1,6756;0,1661;72,3796;0,56346;5,6142;3,8145;5,5197;5,049;100;9,3342;100;63,7965;706;706
AD3040;452,3893421;262,1;PRX;100;40,5899;0,36963;0,5789;30,592;14,9186;5,7283;6,6245;7,5384;9,2061;24,6444;25,8299;29,7556;539;147;23;3;1,4684;0,4962;75,70225;0,30093;5,1112;15,4383;1,6677;8,6365;100;17,106;100;45,6401;712;712
AD3041;452,3893421;371,2;PNX;100;70,4198;0,57502;0,3416;22,0846;14,842;5,0424;5,623;13,9854;16,9469;18,2763;18,7074;21,2557;415;103;6;0;2,4546;-1,0054;79,19847;0,76736;2,9794;1,3294;2,9615;5,0703;100;4,2909;100;86,988;524;524
AD3042;907,9202769;254,6;PRX;100;45,2614;0,30781;0,3809;23,4222;12,0148;6,942;7,4748;7,8806;10,8074;15,7592;16,7189;22,1862;491;118;3;0;1,9657;0,5599;80,22876;0,46142;6,427;4,9518;2,9268;4,5766;100;7,8786;100;53,7678;612;612
AD3043;907,9202769;317,0;PNX;100;63,0383;0,49447;0,3479;25,0219;15,8366;6,8524;7,2685;10,2909;17,9291;20,2691;20,6178;24,0512;566;231;38;1;1,7899;-0,5205;67,70335;0,71654;3,7821;2,34;7,6382;5,5091;100;9,9781;100;83,3922;836;836
AD3047;452,3893421;231,4;PRM;100;61,8214;0,54561;0,363;26,104;17,6265;7,4471;8,415;9,4626;20,6908;23,1136;23,4464;25,7216;393;160;18;0;1,4986;-0,4736;68,82662;0,79263;2,608;2,4228;11,2282;6,3984;100;13,651;100;85,2417;571;571
AD3048;615,7521601;61,3;PRX;100;47,619;0,40253;0,3095;24,4611;14,3406;7,5222;8,8653;9,7891;14,0872;17,8156;18,7188;23,9588;314;131;16;1;1,9629;0,2735;67,96537;0,5759;6,1432;3,7284;4,2981;4,4383;100;8,0265;100;60,5096;462;462
AD3049;452,3893421;350,6;PNM;100;55,3148;0,46342;0,409;28,453;16,5715;6,3099;6,9637;9,4788;18,2332;22,6218;23,3683;26,3364;597;300;68;4;1,5001;-0,2314;61,60991;0,64082;3,7146;4,3886;8,7544;6,7771;100;13,1431;100;76,8844;969;969
AD3050;706,8583471;244,7;PRX;100;48,046;0,38493;0,3001;23,7458;13,6851;7,3889;8,9567;9,8203;13,4855;16,9863;17,7285;22,0142;590;260;20;0;1,8821;0,3349;67,81609;0,56791;5,0279;3,5008;3,6652;4,1063;100;7,166;100;65,2542;870;870
AD3051;452,3893421;247,2;PNX;100;57,1429;0,43295;0,3845;26,1282;15,3853;7,1829;7,6666;8,0635;16,7834;20,4801;21,1409;24,9317;415;157;23;0;1,5247;-0,1516;69,7479;0,64235;4,4516;3,6967;8,7199;5,9157;100;12,4166;100;71,8072;595;595
AD3064;452,3893421;343,2;PRX;100;66,2708;0,57793;0,3833;24,9288;16,1761;4,1914;5,3596;13,0997;18,5065;20,7036;21,2374;24,6427;652;182;8;0;2,1885;-0,8063;77,43468;0,74237;3,9391;2,1971;5,4068;6,2001;100;7,6039;100;83,4356;842;842
AD3065;452,3893421;235,9;PRX;99,1853;58,8595;0,47911;0,5343;23,4656;12,3043;2,0381;3,2892;4,4567;14,6047;17,9634;18,5088;22,3756;772;188;14;0;1,4966;-0,2945;78,61507;0,62239;4,4122;3,3587;10,148;6,5739;98,97436;13,5067;98,9744;69,2308;982;974
AD3074;452,3893421;439,1;PRM;100;64,1667;0,54793;0,3409;26,8917;17,4517;6,0099;7,5339;13,5468;19,5356;21,9418;22,4291;26,0514;1028;362;46;4;2,0912;-0,7066;71,38889;0,72645;4,1096;2,4062;5,9888;5,9485;100;8,395;100;83,8521;1440;1440
AD3075;452,3893421;354,8;PNM;100;52,48;0,41652;0,4589;22,1005;11,4229;3,8007;4,1755;6,6454;11,7556;15,5939;16,5858;21,2645;858;344;44;4;1,7951;0,0302;68,64;0,53192;5,6706;3,8383;5,1102;5,2418;100;8,9485;100;69,697;1250;1250
AD3076;452,3893421;234,1;PNM;100;48,1836;0,40606;0,384;22,5942;13,3365;7,0072;7,7219;8,1492;13,1285;18,1556;18,956;21,9002;386;122;15;0;1,4621;0,2206;73,80497;0,58106;3,7446;5,0271;4,9793;5,1216;100;10,0063;100;60,1036;523;523
AD4024;1017,87602;119,5;PNM;100;45,8265;0,38866;0,385;26,0455;14,1408;6,5724;8,1625;8,8483;12,4836;19,045;20,0902;25,3885;504;103;4;0;1,8364;0,447;82,48773;0,4793;6,3435;6,5614;3,6353;5,4443;100;10,1967;100;51,9841;611;611
AD4025;452,3893421;273,5;PNX;100;57,6052;0,4591;0,3271;24,8151;15,3838;7,3789;7,9754;10,0264;16,5715;19,6447;20,0893;23,4089;435;159;23;1;1,7005;-0,2769;70,38835;0,6678;3,7642;3,0732;6,5451;5,0325;100;9,6183;100;70,1149;618;618
AD4026;452,3893421;339,8;PNX;100;50,306;0,41865;0,4001;18,0619;10,07;4,3148;4,8657;5,3346;10,1344;13,6489;14,2219;17,0247;565;213;38;1;1,6368;0,0443;69,15545;0,56109;3,3758;3,5145;4,7998;4,0295;100;8,3143;100;67,9646;817;817
AD4035;452,3893421;159,1;PNM;100;50,5535;0,39599;0,2021;18,6011;12,6577;8,7612;9,476;10,1686;12,74;14,6871;14,9966;18,0321;471;71;0;0;1,9032;0,2072;86,90037;0,68491;3,345;1,9471;2,5714;2,5577;100;4,5184;100;54,7771;542;542
AD4036;452,3893421;349,9;PRX;100;71,3303;0,57162;0,3529;26,1311;17,2599;5,4226;6,5907;15,7503;20,1492;21,4489;21,7981;24,193;346;87;3;0;2,3307;-0,9954;79,3578;0,77108;2,7441;1,2997;4,3989;6,0918;100;5,6986;100;86,7052;436;436
AD4037;452,3893421;310,0;PRM;100;64,4491;0,5129;0,3735;21,9343;13,8891;5,4177;6,1859;7,0193;15,7321;17,8853;18,3802;21,2712;373;101;7;0;1,7226;-0,5214;77,54678;0,71724;3,3859;2,1532;8,7128;5,1878;100;10,866;100;79,8928;481;481
AD4045;452,3893421;456,9;AVE;100;54,5964;0,45193;0,436;31,02;16,7971;5,069;6,4407;9,6208;18,5454;23,083;23,7246;29,8855;554;269;65;4;1,6965;-0,1022;62,10762;0,59785;6,8025;4,5376;8,9246;7,3234;100;13,4622;100;73,6462;892;892
AD4046;452,3893421;336,7;PNM;100;54,8638;0,4284;0,3361;21,8217;12,9323;6,2698;7,0819;8,1404;13,548;16,4404;17,0424;20,7492;397;114;3;0;1,6731;-0,0713;77,23735;0,62085;4,3088;2,8924;5,4076;4,3471;100;8,3;100;65,2393;514;514
AD4059;452,3893421;418,2;PNX;100;54,023;0,43218;0,3863;32,7762;18,197;7,1003;7,8014;11,8159;19,3857;23,941;24,7843;30,5989;377;129;15;1;1,7854;-0,1616;72,22222;0,59146;6,6579;4,5553;7,5698;7,0292;100;12,1251;100;64,191;522;522
AD4060;452,3893421;287,8;PRX;100;44,2159;0,31602;0,527;29,1166;12,888;5,3898;6,1411;6,6194;10,0719;19,4005;20,3705;26,6708;598;163;17;0;1,6622;0,4597;76,86375;0,34592;7,2703;9,3286;3,4525;6,7926;100;12,7811;100;50,8361;778;778
AD4061;452,3893421;254,6;PRX;100;55,8282;0,45785;0,3527;23,9563;14,3831;6,2985;7,3753;8,8954;15,2496;18,0449;18,7464;23,1449;385;97;6;1;1,8228;-0,0771;78,73211;0,63656;5,1;2,7953;6,3542;5,0724;100;9,1495;100;69,0909;489;489
AD4062;452,3893421;255,1;PRM;100;63,258;0,51726;0,3428;28,032;18,2785;7,8276;8,8768;10,7339;20,9662;23,3542;23,847;26,952;558;248;34;1;1,6308;-0,4862;66,34958;0,74794;3,5978;2,388;10,2323;6,2667;100;12,6204;100;88,5305;841;841
AD4064;452,3893421;287,3;PRX;100;64,455;0,59818;0,3377;25,3104;17,2348;5,2128;8,1818;10,5624;19,3682;21,8995;22,3457;24,7145;1156;464;62;6;2,03;-0,6995;68,48341;0,76523;2,815;2,5313;8,8058;5,8205;100;11,3371;100;87,7163;1688;1688
AD4069;452,3893421;154,8;PNX;100;31,028;0,21258;0,597;22,9614;8,9476;5,1643;5,4286;5,5693;5,8054;10,3884;14,2728;22,1901;436;96;3;0;3,2548;1,3474;81,49533;0,25283;11,8017;4,583;0,2361;5,3414;100;4,8191;100;36,4679;535;535
AD4070;452,3893421;308,2;PNM;100;61,6883;0,49368;0,4193;26,426;16,5152;6,8517;7,0942;7,3486;19,1495;22,3627;22,8816;25,9422;504;230;36;0;1,4713;-0,3851;65,45455;0,72465;3,5795;3,2132;11,8009;6,9251;100;15,0141;100;85,9127;770;770
AD4071;452,3893421;291,7;PRM;100;59,0512;0,49775;0,2824;26,1667;17,4588;8,829;9,3772;12,9016;18,5713;21,4667;21,9733;25,2902;545;223;32;1;1,9432;-0,4587;68,03995;0,70973;3,8235;2,8954;5,6697;4,9311;100;8,5651;100;80,5505;801;801
AD4072;530,9291585;389,7;PRM;100;54,644;0,48622;0,3306;32,3309;19,4563;7,2722;11,5266;13,3199;20,6167;25,0801;25,951;30,4265;464;160;21;1;1,6819;-0,0485;71,82663;0,63768;5,3464;4,4634;7,2968;6,4319;100;11,7601;100;70,0431;646;646
AD4073;530,9291585;203,4;PRM;100;52,5591;0,39921;0,4446;31,4692;16,2469;6,1321;7,2724;8,9909;16,7147;22,3133;23,2;30,304;371;126;11;0;1,7093;0,1733;73,0315;0,53114;7,9907;5,5986;7,7238;7,2227;100;13,3224;100;63,8814;508;508
AD4081;452,3893421;316,1;PNM;100;40,9018;0,28001;0,3617;18,2854;9,9257;6,6746;6,8906;6,9983;7,2224;13,1609;13,9338;17,3867;461;140;19;1;1,906;0,6994;74,2351;0,39498;4,2258;5,9385;0,2241;3,5897;100;6,1626;100;47,9393;621;621
AD4082;452,3893421;173,0;PNM;100;47,7495;0,36655;0,5537;21,7048;10,5959;4,1676;4,6005;4,7786;9,2753;16,007;16,9949;20,7345;389;111;11;0;1,4247;0,2768;76,12524;0,42734;4,7275;6,7317;4,4967;5,867;100;11,2283;100;59,126;511;511
AD4083;452,3893421;324,5;BMF;100;58,9454;0,47178;0,4482;23,4399;13,6649;4,9344;5,4529;5,9119;16,2222;19,0204;19,4128;22,4543;396;127;8;0;1,4376;-0,3153;74,57627;0,69208;3,4339;2,7982;10,3103;6,1245;100;13,1085;100;76,2626;531;531
AD4084;452,3893421;346,8;PNM;100;53,3461;0,46378;0,4901;26,8719;14,0191;2,9025;5,1954;6,3358;15,8191;20,0211;20,5719;25,0817;386;127;10;0;1,5015;-0,1345;73,80497;0,58869;5,0606;4,202;9,4833;6,8709;100;13,6854;100;68,1347;523;523
AD4085;452,3893421;292,1;PRM;100;60,3175;0,52345;0,4805;23,3521;13,9076;3,5336;5,1182;5,3864;16,7625;19,8976;20,3188;22,7622;579;252;49;2;1,3955;-0,3334;65,64626;0,71782;2,8646;3,1351;11,3761;6,6824;100;14,5112;100;83,247;882;882
AD4086;452,3893421;346,5;PRX;100;66,9118;0,53552;0,3144;24,9121;16,0405;5,812;6,7948;13,8688;17,7178;19,8053;20,1055;23,0722;428;101;14;1;2,3991;-0,8534;78,67647;0,71121;3,2669;2,0875;3,849;5,0434;100;5,9365;100;82,4766;544;544
AD4087;804,2477193;106,8;PRX;100;43,5013;0,34587;0,4321;19,0216;9,8435;4,9907;5,4759;6,0288;8,0721;13,4325;14,8179;18,4154;335;41;1;0;1,8524;0,5669;88,85942;0,42436;4,9829;5,3604;2,0433;4,253;100;7,4037;100;47,4627;377;377
AD4088;452,3893421;398,5;PNM;100;61,9454;0,53434;0,4103;24,6454;14,7132;3,3162;4,7199;11,3298;16,5698;19,1712;19,7644;23,7786;433;136;17;0;2,0856;-0,6364;73,89078;0,67233;4,6074;2,6014;5,24;6,0368;100;7,8415;100;78,291;586;586
AD4094;452,3893421;244,0;PNM;100;51,1714;0,36585;0,3984;16,9988;8,8169;4,0966;4,8247;5,1927;9,0056;11,7734;12,3737;15,9658;569;217;24;1;1,6856;0,2424;70,1603;0,52978;4,1924;2,7678;3,8129;3,5126;100;6,5807;100;68,3656;811;811
AD4095;452,3893421;304,0;PNM;100;54,2169;0,37794;0,472;17,871;8,7811;3,2584;3,8965;4,2678;9,5026;12,5315;12,9125;15,9466;514;143;7;0;1,4851;0,0473;77,40964;0,53173;3,4151;3,0289;5,2348;4,1443;100;8,2637;100;68,4825;664;664
AD4096;452,3893421;292,1;PRX;100;64,4444;0,51091;0,3301;25,2456;16,2061;6,7633;7,6025;12,0361;17,7815;20,1622;20,4361;24,4966;426;110;4;0;2,0199;-0,5965;78,88889;0,70434;4,3344;2,3807;5,7454;5,3491;100;8,1261;100;80,2817;540;540
AD4097;452,3893421;332,1;PRX;100;65,6598;0,50491;0,4184;20,5609;12,7769;4,8385;5,1839;5,7545;15,0726;17,0375;17,4038;19,9973;417;200;12;0;1,5428;-0,4963;66,29571;0,73307;2,9598;1,9649;9,3181;5,3464;100;11,283;100;95,6835;629;629
AD4104;452,3893421;272,9;PNX;100;43,9098;0,30742;0,5161;23,1082;10,18;4,4414;4,9564;5,2292;7,8521;15,1149;15,8973;21,2458;483;165;17;0;1,7122;0,4809;72,63158;0,3398;6,1309;7,2628;2,6229;5,2539;100;9,8856;100;55,6936;665;665
AD4105;452,3893421;394,5;PNM;100;55,5556;0,46814;0,453;19,3447;10,5015;2,7177;3,5936;5,9919;11,5632;14,4861;15,0944;18,3928;443;154;23;1;1,6892;-0,1995;71,33655;0,59775;3,9067;2,9229;5,5713;4,7572;100;8,4941;100;74,2664;621;621
AD4106;452,3893421;207,9;PNM;100;49,6364;0,42287;0,2852;24,681;15,4212;8,6364;10,4407;11,0443;15,3445;19,5864;20,049;23,6636;416;125;9;0;1,4878;0,1608;75,63636;0,62171;4,0772;4,2419;4,3002;4,3983;100;8,542;100;63,2212;550;550
AD4107;452,3893421;156,2;PNX;100;53,5971;0,40937;0,2886;23,5878;14,2112;7,7122;8,9475;10,1739;14,5642;17,4425;18,0385;22,2218;420;132;4;0;1,8195;0,1184;75,53957;0,61745;4,7793;2,8783;4,3903;4,1014;100;7,2686;100;68,0952;556;556
AD4109;452,3893421;457,9;PRM;64,9867;37,931;0,78638;0,1637;24,1948;19,456;2,0117;16,1161;18,2391;20,1405;21,4457;21,6164;23,77;229;16;0;0;13,8172;-2,5682;60,74271;0,83243;2,3243;1,3052;1,9014;3,1849;63,4349;3,2065;85,4478;53,3582;377;245
AD5117;452,3893421;150,5;PRX;100;52,8369;0,47677;0,2237;20,4387;14,3492;8,8004;9,5065;11,8762;14,6826;17,0167;17,4294;20,2043;458;102;4;0;1,9013;-0,1912;81,20567;0,71837;3,1876;2,3341;2,8064;3,2102;100;5,1405;100;63,7555;564;564
AD5118;615,7521601;82,3;BMC;100;43,2781;0,36307;0,3304;20,5903;11,3395;6,0662;7,6576;8,2061;9,808;14,3933;15,1066;19,7949;870;204;12;0;2,1088;0,6289;80,1105;0,47634;5,4016;4,5853;1,6019;3,7464;100;6,1872;100;47,1264;1086;1086
AD5126;530,9291585;193,7;PRX;100;49,7268;0,52024;0,3302;25,8494;14,8487;2,9199;8,4169;10,9143;14,7994;19,0962;19,6726;24,1687;406;136;7;0;2,1144;-0,0532;73,95264;0,57252;5,0725;4,2968;3,8851;4,9026;100;8,1819;100;57,6355;549;549
AD5127;1256,637061;77,9;PRX;100;44,5489;0,35049;0,32;22,3368;11,8283;6,1577;7,5736;8,2346;11,1881;14,9995;15,7416;20,4475;438;89;5;0;2,0501;0,4777;82,33083;0,50088;5,448;3,8114;2,9535;3,7852;100;6,7649;100;49,0868;532;532
AD5133;452,3893421;195,3;PRX;100;46,6667;0,29832;0,4379;32,0063;14,6992;7,3409;8,0981;8,5135;13,4388;20,6249;21,4962;27,283;320;124;21;0;1,7373;0,4077;68,8172;0,41988;6,6581;7,1861;4,9253;6,4373;100;12,1113;100;59,375;465;465
AD5134;452,3893421;157,4;PRX;100;43,787;0,41463;0,288;27,6472;16,9518;9,3759;11,0955;12,916;15,8826;21,1942;22,0652;26,7977;368;129;10;0;1,9737;0,3989;72,58383;0,57447;5,6035;5,3116;2,9666;4,8824;100;8,2782;100;53,8043;507;507
AD5135;452,3893421;316,9;PRM;100;65;0,59804;0,2827;29,1462;20,4718;7,5662;11,6691;13,9979;22,9263;24,9633;25,4299;28,2482;522;167;11;0;1,8296;-0,605;74,57143;0,7866;3,2849;2,037;8,9284;5,7871;100;10,9654;100;85,0575;700;700
AD5136;804,2477193;256,6;PRX;100;64,6707;0,52671;0,363;26,8357;17,6759;7,4821;8,2131;9,1045;20,3962;22,838;23,28;26,1209;511;149;8;0;1,629;-0,5496;76,49701;0,76004;3,2829;2,4418;11,2917;6,4156;100;13,7336;100;79,0607;668;668
AD5137;452,3893421;163,7;PRX;100;48,2897;0,39145;0,2826;31,3041;18,2157;9,7965;11,2992;13,858;17,7755;22,5297;23,1295;29,4867;401;93;3;0;2,0108;0,22;80,6841;0,56783;6,957;4,7542;3,9175;5,1481;100;8,6716;100;57,606;497;497
AD5148;452,3893421;490,3;PRM;100;72,5352;0,58463;0,4831;23,5746;14,8697;2,6176;2,7792;3,0847;18,3748;19,7137;20,0853;22,3945;429;130;9;0;2,1702;-0,9777;75,52817;0,77943;2,6808;1,3389;15,2901;7,1837;100;16,6291;100;92,0746;568;568
AD5149;452,3893421;332,7;AVE;100;60,8268;0,53783;0,3855;30,1519;19,0792;6,1938;7,4899;11,7534;22,5217;25,1166;25,4567;28,9141;373;123;12;0;1,6924;-0,5262;73,4252;0,74694;3,7975;2,5949;10,7683;7,3546;100;13,3632;100;78,8204;508;508
AD5150;452,3893421;356,7;PNM;100;48,1481;0,32497;0,4125;27,3395;12,7416;5,714;6,3854;7,2614;12,4816;16,1792;17,4429;25,2609;381;118;13;1;2,3431;0,4708;74,26901;0,45654;9,0817;3,6976;5,2202;5,2565;100;8,9178;100;55,643;513;513
AD5151;452,3893421;213,8;PNM;100;44,1617;0,38258;0,2174;20,7668;13,2551;8,6006;9,8011;10,9814;12,505;15,5146;16,0843;19,7169;509;155;4;0;2,2443;0,4725;76,1976;0,60216;4,2023;3,0096;1,5236;2,881;100;4,5331;100;56,1886;668;668
AD6131;452,3893421;277,3;PRX;100;55,5707;0,54974;0,3801;25,9543;15,453;2,6313;6,7964;10,9019;16,4384;20,0442;21,028;25,119;497;204;32;3;2,0187;-0,3092;67,52717;0,63336;5,0748;3,6058;5,5365;5,8732;100;9,1423;100;73,6419;736;736
AD6132;452,3893421;317,7;PRX;100;56,2212;0,47024;0,3512;27,5898;16,8776;7,3689;8,2801;11,0835;18,3361;21,8992;22,5785;26,7006;551;259;55;3;1,694;-0,2376;63,47926;0,6646;4,8014;3,5631;7,2526;5,9281;100;10,8157;100;74,9546;868;868
AD6144;452,3893421;144,8;PNX;100;36,8421;0,24294;0,3109;18,0149;9,6532;6,97;7,234;7,4437;7,7498;11,5523;12,6072;17,2611;277;63;2;0;2,8822;1,1009;80,99415;0,43019;5,7088;3,8025;0,3061;3,001;100;4,1086;100;41,5162;342;342
AD6145;452,3893421;331,3;PNM;100;52,2876;0,35668;0,3805;19,317;10,5732;5,7253;5,9909;6,1841;10,9799;13,9715;14,7892;18,383;591;270;55;2;1,6118;0,1776;64,37908;0,56841;4,4115;2,9916;4,7958;4,0229;100;7,7874;100;73,4349;918;918
AD6146;452,3893421;146,7;PRM;100;45,7364;0,38312;0,2734;27,6071;16,4956;9,5948;11,1257;12,2408;15,5936;19,8588;20,9878;26,5981;288;96;3;0;2,103;0,4145;74,4186;0,56484;6,7393;4,2652;3,3528;4,5093;100;7,618;100;56,25;387;387
AD6147;452,3893421;195,4;CAR;100;48;0,43228;0,2918;23,2947;14,5356;7,8662;9,348;10,7365;13,8193;18,631;19,1091;22,6948;354;70;1;0;1,5991;0,1798;83,29412;0,59324;4,0638;4,8117;3,0828;4,2414;100;7,8945;100;56,4972;425;425
AD6158;452,3893421;381,6;PNM;100;61,7111;0,47045;0,3779;24,3499;15,2285;7,1251;7,512;7,7882;17,7379;20,0563;20,4847;23,5032;505;193;15;0;1,4365;-0,3834;70,82749;0,72846;3,4469;2,3184;9,9497;5,7551;100;12,2681;100;84,9505;713;713
AD6159;1256,637061;196,6;PRM;100;51,9747;0,40947;0,553;28,2988;13,1746;2,6875;4,4369;5,2266;13,875;19,7471;20,6526;26,1929;404;195;32;2;1,5413;0,0851;63,82306;0,4903;6,4458;5,8721;8,6484;7,2856;100;14,5205;100;67,5743;633;633
AD6160;452,3893421;278,1;PRM;100;52,3179;0,39986;0,3513;31,5669;17,4774;8,0898;8,6789;12,0836;17,7744;21,9681;23,0806;29,6444;317;124;11;1;1,9869;0,0017;69,97792;0,56307;7,6763;4,1937;5,6908;6,1404;100;9,8845;100;65,6151;453;453
AD6161;452,3893421;79,1;BMF;100;45,8763;0,5311;0,2426;24,8157;16,1259;6,2834;11,7195;12,9006;15,234;19,6777;20,2735;23,4859;760;198;12;0;1,9066;0,1915;78,35052;0,61389;3,8082;4,4437;2,3334;3,9114;100;6,7771;100;52,5;970;970
AD6162;452,3893421;54,0;RMR;100;50,8015;0,44791;0,2209;17,7626;11,6178;6,6326;8,3479;9,3279;11,7224;13,6599;14,2295;16,771;615;191;5;0;1,9136;0,0995;75,83231;0,65995;3,1111;1,9375;2,3945;2,5663;100;4,332;100;63,7398;811;811
AD6167;452,3893421;323,2;PRX;100;57,6399;0,45311;0,4019;28,2982;16,2946;6,3495;6,8735;7,8948;17,7369;21,3566;22,4402;27,2409;475;166;19;1;1,7373;-0,2671;71,86082;0,62679;5,8843;3,6197;9,8421;6,5483;100;13,4618;100;70,3158;661;661
AD6168;452,3893421;401,6;AVE;100;63,6861;0,54133;0,3511;26,5387;17,084;5,9255;6,7397;12,0929;19,1869;21,7925;22,2605;25,2095;413;123;12;0;2,0184;-0,6378;75,36496;0,72298;3,417;2,6056;7,094;5,9978;100;9,6996;100;80,3874;548;548
AD6169;452,3893421;323,4;PRM;100;61,7725;0,50367;0,4557;26,9674;16,463;5,8031;6,5237;6,7555;20,2138;22,7322;23,1794;26,1373;563;184;9;0;1,3839;-0,4072;74,4709;0,74956;3,4051;2,5184;13,4583;7,5027;100;15,9767;100;79,929;756;756
AD6170;452,3893421;251,9;PRM;100;63,0807;0,54177;0,3476;27,6655;18,4083;7,4635;8,8548;9,7673;20,8;23,3842;24,0502;27,123;543;237;36;2;1,7384;-0,5338;66,38142;0,75184;3,7388;2,5842;11,0327;6,3989;100;13,6169;100;84,8987;818;818
AD6171;530,9291585;288,4;PRM;100;58,1781;0,52447;0,3205;17,4136;11,2268;4,4033;5,4064;8,1665;12,1703;14,2379;14,4957;16,708;386;93;4;0;1,957;-0,4968;79,91718;0,6989;2,4701;2,0676;4,0038;3,5985;100;6,0714;100;72,5389;483;483
AD6172;452,3893421;362,9;PRX;100;62,6911;0,61882;0,2749;22,563;16,2038;5,88;8,8486;13,1137;17,7461;19,656;20,1408;22,1485;276;50;1;0;2,2659;-0,7289;84,40367;0,78651;2,4925;1,9099;4,6324;4,4546;100;6,5423;100;73,5507;327;327
AD6173;452,3893421;315,1;PRM;100;68,652;0,56725;0,4056;22,3114;14,6287;4,558;5,2193;6,8088;17,6102;19,0321;19,2858;21,3208;443;185;10;0;1,7876;-0,7453;69,43574;0,78929;2,2887;1,4219;10,8014;5,9331;100;12,2233;100;95,9368;638;638
AD6174;452,3893421;389,2;PRM;100;64,521;0,51076;0,3819;21,5726;13,5935;5,2634;5,6377;6,6499;15,7907;17,6105;17,9762;20,6232;464;190;14;0;1,7075;-0,5637;69,46108;0,73198;3,0127;1,8198;9,1408;5,1916;100;10,9606;100;90,0862;668;668
AD6175;452,3893421;178,0;PRX;100;52,6882;0,45296;0,2657;20,0487;13,2927;7,6987;8,6254;9,5074;13,6123;16,4697;16,8329;19,8829;484;158;9;0;1,6431;-0,0156;74,34716;0,67896;3,4132;2,8574;4,1049;3,5325;100;6,9623;100;68,3884;651;651
AD6176;452,3893421;221,6;PNX;100;54,6042;0,41685;0,299;22,1318;13,6419;7,573;8,2692;8,7439;14,3386;16,7407;17,2519;21,6899;441;163;15;0;1,8267;0,0123;71,24394;0,64787;4,9492;2,4021;5,5947;4,0792;100;7,9968;100;71,4286;619;619
AD6177;452,3893421;382,6;PRM;100;68,2336;0,58036;0,3328;24,5585;17,3178;7,304;7,9724;8,6711;19,8834;21,6259;21,8802;24,1173;484;195;23;0;1,9815;-0,8162;68,94587;0,80963;2,4914;1,7425;11,2123;5,7633;100;12,9548;100;94,0083;702;702
AD6178;530,9291585;229,7;PRX;100;60,7963;0,53492;0,3767;23,2688;14,3617;4,1172;6,0334;8,8494;16,2388;18,8458;19,2299;22,3951;468;161;24;0;1,7648;-0,4989;71,66922;0,69788;3,5493;2,607;7,3894;5,4101;100;9,9965;100;78,6325;653;653
AD6179;452,3893421;135,7;BMQ;100;49,4565;0,46749;0,2608;20,1229;12,7516;6,2804;8,1764;9,9377;12,7022;15,4846;15,9129;19,3553;407;141;4;0;2,0543;0,0273;73,73188;0,63123;3,8707;2,7824;2,7645;3,3253;100;5,5469;100;66,3391;552;552
AD6180;452,3893421;35,7;BMQ;100;46,2366;0,40812;0,2557;20,3406;12,516;7,1206;8,3122;9,9234;12,1229;15,2541;16,0661;19,41;306;64;2;0;2,0593;0,2647;82,25806;0,596;4,1559;3,1312;2,1995;3,1998;100;5,3307;100;52,2876;372;372
AD6181;452,3893421;291,5;PRM;100;66,9202;0,56467;0,3649;20,2589;13,7054;5,2047;5,5511;9,8901;15,6688;17,2497;17,7071;20,1379;203;57;3;0;2,0319;-0,7676;77,18631;0,77343;2,8882;1,5809;5,7787;5,001;100;7,3596;100;85,7143;263;263
AD6182;452,3893421;147,3;PRX;100;54,1284;0,42654;0,2842;21,7821;13,3481;7,075;8,0259;9,8334;13,8499;16,3794;16,9241;20,899;530;208;24;1;1,844;-0,059;69,46265;0,63584;4,5196;2,5295;4,0165;3,7938;100;6,546;100;73,2075;763;763
AD6183;907,9202769;182,8;PNX;100;52,2757;0,37324;0,3893;23,2727;12,6289;6,2905;6,7204;7,2091;13,0297;17,103;17,6656;21,6851;554;191;24;0;1,5609;0,1056;72,04161;0,55987;4,5821;4,0733;5,8206;4,9166;100;9,8939;100;67,3285;769;769
AD6184;380,1327111;85,5;RMR;100;55,8011;0,53212;0,2021;19,5065;14,0711;7,8895;9,6287;11,8731;14,6066;16,3681;16,6832;18,7908;516;196;12;0;2,0224;-0,3579;71,27072;0,74881;2,4227;1,7615;2,7335;2,8436;100;4,4951;100;76,5504;724;724
AD6185;452,3893421;59,7;CAR;100;47,8469;0,44031;0,2175;22,3286;14,3007;7,9851;10,2133;12,1602;14,1407;16,421;17,1117;21,2067;480;145;2;0;2,4974;0,187;76,55502;0,6333;4,7857;2,2803;1,9805;3,1111;100;4,2607;100;58,5417;627;627
AD6186;452,3893421;166,8;PRX;100;54,188;0,42808;0,3875;18,1178;10,2249;4,317;5,368;6,0039;11,0822;13,6112;14,2921;16,6962;439;144;2;0;1,4732;-0,0066;75,04274;0,61167;3,085;2,529;5,0783;3,9618;100;7,6073;100;70,8428;585;585
AD6187;452,3893421;203,4;PRX;100;61,4836;0,48228;0,5244;17,8021;10,3028;3,3168;3,446;3,5647;13,2997;14,8354;15,1563;16,9137;483;211;7;0;1,2873;-0,3837;68,90157;0,74709;2,0783;1,5357;9,735;5,4023;100;11,2708;100;87,3706;701;701
AD6188;452,3893421;239,9;PNM;100;50,3861;0,40589;0,5094;18,9888;10,0407;3,9274;4,225;4,4341;10,1658;15,1395;15,5595;17,791;362;149;7;0;1,3046;0,0415;69,88417;0,53536;2,6515;4,9737;5,7317;5,1152;100;10,7054;100;67,9558;518;518
AD6189;452,3893421;332,0;PNM;100;51,257;0,35188;0,4409;13,6763;6,8008;3,0679;3,5377;3,7989;6,9803;9,3132;9,8816;13,0248;506;206;4;0;1,6323;0,269;70,67039;0,51039;3,7116;2,3329;3,1814;2,9988;100;5,5143;100;72,1344;716;716
AD6190;452,3893421;304,4;PNX;100;59,0136;0,44927;0,4765;25,5924;14,1218;4,7643;5,5583;6,19;16,7952;20,1533;20,561;23,7236;408;158;22;0;1,3418;-0,245;69,38776;0,65626;3,5703;3,3581;10,6052;6,7296;100;13,9633;100;77,9412;588;588
AD6191;2827,433388;34,1;PRX;100;31,3808;0,33547;0,3037;21,5906;11,8504;6,9333;8,5498;9,3199;10,4482;14,0695;16,0563;20,806;218;21;0;0;2,8379;1,0464;91,21339;0,48392;6,7365;3,6213;1,1283;3,5995;100;4,7496;100;32,5688;239;239
AD6192;452,3893421;239,8;PRX;100;50,5263;0,33742;0,4916;16,3396;7,4515;2,9252;3,2778;3,5902;7,5177;10,4347;10,9526;15,4452;482;248;29;1;1,8923;0,3465;63,42105;0,46009;5,0105;2,917;3,9275;3,6635;100;6,8445;100;70,9544;760;760
AD6193;452,3893421;254,2;PNX;100;53,2847;0,4099;0,5433;21,7932;11,188;3,8213;4,1641;4,2584;12,0189;17,0107;17,531;20,5985;391;140;17;0;1,3549;-0,0004;71,35036;0,5515;3,5878;4,9918;7,7605;6,0789;100;12,7523;100;70,844;548;548
AD7108;1256,637061;53,9;CAR;100;41,7989;0,41312;0,2516;18,4064;10,6271;5,1511;7,0888;9,0433;10,1438;12,1183;12,7729;18,0007;484;82;1;0;3,3558;0,6355;85,36155;0,5511;5,8824;1,9745;1,1005;2,6743;100;3,075;100;48,1405;567;567
AD7119;530,9291585;141,9;RMR;100;58,5535;0,56079;0,3663;26,8148;16,8303;4,0817;6,3727;12,6447;18,4708;21,6123;22,4617;25,9976;996;408;34;0;2,2125;-0,5771;69,26287;0,68883;4,3853;3,1415;5,8261;6,1643;100;8,9676;100;72,2892;1438;1438
AD7120;615,7521601;284,1;PRM;100;67,9907;0,56212;0,4108;28,6979;18,8991;6,3201;6,9512;7,9143;22,5303;24,7603;25,2704;27,917;358;68;2;0;1,7516;-0,6934;83,64486;0,78509;3,1567;2,23;14,616;7,7636;100;16,8461;100;79,0503;428;428
AD7121;452,3893421;277,2;BMF;100;62,0521;0,47692;0,3322;25,4138;15,8446;7,1199;8,2631;8,9065;17,684;20,0644;20,5714;24,0481;441;159;14;0;1,6842;-0,4317;71,8241;0,69584;3,9837;2,3804;8,7775;5,2635;100;11,1578;100;81,4059;614;614
AD7128;452,3893421;254,7;PRM;100;71,6854;0,59565;0,3684;27,644;18,9704;6,1931;7,4018;9,0128;21,9788;24,0189;24,4881;27,028;341;102;2;0;2,0516;-0,8804;76,62921;0,79507;3,0091;2,0401;12,966;6,9894;100;15,0061;100;89,4428;445;445
AD7129;452,3893421;382,9;PRM;100;53,7791;0,44269;0,4172;33,1543;16,0338;2,4342;7,1993;9,4526;16,9857;21,7699;22,5313;27,7481;477;185;24;2;1,6985;-0,0057;69,3314;0,51232;5,9782;4,7842;7,5331;6,6898;100;12,3174;100;65,8281;688;688
AD7130;452,3893421;356,2;AVE;100;52,0619;0,36374;0,3791;30,3549;15,7144;7,3446;8,2934;9,2064;16,225;21,1732;21,8518;27,4501;552;199;25;0;1,6379;0,0866;71,13402;0,53451;6,2769;4,9482;7,0186;5,9572;100;11,9669;100;62,6812;776;776
AD7138;452,3893421;443,9;BMF;100;62,2101;0,52658;0,2955;26,7732;17,4506;7,0813;8,4464;14,5181;18,8276;21,1826;21,7452;25,5478;454;221;54;4;2,3025;-0,6336;61,93724;0,70323;4,3652;2,355;4,3095;5,1565;100;6,6646;100;87,8855;733;733
AD7139;452,3893421;536,5;AVE;100;54,8193;0,58355;0,2604;23,5076;15,1427;3,4213;9,9873;13,2074;15,4552;17,8715;18,4277;22,6117;405;84;9;0;3,751;-0,7546;81,3253;0,65746;4,7402;2,4163;2,2478;3,9428;100;4,6641;100;62,4691;498;498
AD7140;452,3893421;98,1;COR;88,1874;41,3442;0,48935;0,3856;17,4114;9,55;2,0164;4,3399;7,1316;9,2495;12,5029;12,9067;16,8038;362;68;3;0;2,2476;-0,004;73,72709;0,53123;4,3009;3,2534;2,1179;3,6821;86,19048;5,3713;96,0212;50,6631;491;433
AD7141;1017,87602;303,9;PRX;100;50,5155;0,40344;0,342;27,1172;15,8988;8,3119;9,1089;10,3182;16,1033;20,3815;20,92;26,6705;441;125;15;1;1,725;0,1602;75,7732;0,59384;6,289;4,2782;5,7851;5,4366;100;10,0633;100;63,0385;582;582
AD7142;530,9291585;171,2;PNX;100;44,27;0,40654;0,2495;27,1738;16,4395;9,0862;11,6881;13,1028;15,2795;19,5542;20,6112;25,9306;463;167;7;0;2,2218;0,5116;72,68446;0,56229;6,3764;4,2747;2,1767;4,102;100;6,4514;100;54,8596;637;637
AD7143;452,3893421;391,1;PNX;100;43,3836;0,34796;0,2706;29,0168;17,4257;11,2402;12,4053;13,3396;15,6895;21,2505;22,301;28,3073;416;146;35;0;2,1917;0,6445;69,68174;0,5407;7,0568;5,561;2,3499;4,7158;100;7,9109;100;48,7981;597;597
AD7152;804,2477193;233,8;PNX;100;50,6591;0,35601;0,4397;30,2355;14,2553;5,4213;6,4198;7,6477;14,3279;19,0787;20,4061;27,854;371;141;19;0;1,9447;0,2556;69,86817;0,47388;8,7753;4,7508;6,6802;6,2685;100;11,431;100;63,0728;531;531
AD7153;452,3893421;268,7;PNM;100;52,057;0,36778;0,397;26,0061;13,5329;6,2769;7,2056;7,9396;13,8984;17,5068;18,4177;24,6818;407;198;26;1;1,834;0,2656;64,39873;0,53443;7,175;3,6084;5,9588;5,3732;100;9,5672;100;71,4988;632;632
AD7154;615,7521601;173,7;PNM;100;40,5797;0,3483;0,385;21,6128;11,9127;6,7285;7,7006;8,2518;8,79;16,3707;17,4715;21,194;407;133;12;0;1,8007;0,6464;73,73188;0,4067;4,8233;7,5807;0,5382;4,586;100;8,119;100;49,6314;552;552
AD7155;452,3893421;199,9;VCB;100;55,0218;0,35981;0,4183;20,9205;10,2762;4,2938;5,1741;5,595;11,2253;13,4186;13,9874;19,2511;442;222;23;0;1,8142;0,1715;64,3377;0,53657;5,8325;2,1933;5,6303;4,2982;100;7,8236;100;80,7692;687;687
AD7156;452,3893421;358,6;PNM;100;47,9319;0,33385;0,5475;23,7814;10,0476;3,1647;4,0502;4,6415;9,7086;14,6021;15,9315;22,0936;281;115;15;0;1,8425;0,4024;68,36983;0,40824;7,4915;4,8935;5,0671;5,5011;100;9,9605;100;63,3452;411;411
AD7157;706,8583471;247,0;PNX;100;50,4828;0,41011;0,4111;19,5151;10,04;3,4526;5,07;6,0251;10,0908;13,7305;14,2698;18,2618;559;155;11;0;1,7449;0,1947;77,10345;0,51708;4,5313;3,6397;4,0657;4,1275;100;7,7053;100;59,034;725;725
AD7163;1256,637061;234,9;PNX;80,8383;40,1198;0,37917;0,6213;23,8535;10,2876;2,0024;3,0214;3,425;10,1426;15,33;16,517;23,1169;386;141;13;0;1,709;0,2466;57,78443;0,4252;7,7869;5,1874;6,7176;6,392;75,09727;11,905;84,2795;51,5284;668;540
AD7164;706,8583471;187,7;PNM;100;44,1227;0,28616;0,5376;18,8674;6,8696;2,0601;3,0272;3,8885;4,7654;10,0028;10,4797;15,3993;434;145;8;0;2,2315;0,627;73,93526;0,25257;5,3965;5,2374;0,8769;3,6928;100;6,1143;100;55,0691;587;587
AD7165;452,3893421;146,0;PNM;100;49,8525;0,45444;0,4045;18,0305;9,2985;2,0249;4,6501;5,716;9,2471;12,5928;13,1259;17,1403;451;206;20;1;1,7558;0,1351;66,51917;0,51286;4,5475;3,3457;3,5311;3,7616;100;6,8768;100;71,1752;678;678
AD7166;804,2477193;183,0;PNM;100;45,0835;0,41972;0,208;23,2834;15,7441;10,2908;11,7162;13,033;14,9854;18,566;19,2015;22,7848;362;166;11;0;1,9894;0,3348;67,16141;0,64361;4,2188;3,5806;1,9524;3,2744;100;5,5331;100;58,8398;539;539